Timestamp (ms),ISO DateTime,Elapsed Time (ms),Angular Velocity X,Angular Velocity Y,Angular Velocity Z
1725699567577,2024-09-07T08:59:27.577Z,194396,6.7073174,7.4390244,-0.42682928
1725699567617,2024-09-07T08:59:27.617Z,194436,7.5,7.5609756,-0.12195122
1725699567673,2024-09-07T08:59:27.673Z,194492,11.158537,9.573171,0.06097561
1725699567710,2024-09-07T08:59:27.710Z,194529,12.682927,10.0,0.4878049
1725699567754,2024-09-07T08:59:27.754Z,194573,13.719513,11.585366,0.24390244
1725699567764,2024-09-07T08:59:27.764Z,194583,14.512196,13.47561,0.6707317
1725699567797,2024-09-07T08:59:27.797Z,194616,13.414635,14.634147,0.30487806
1725699567842,2024-09-07T08:59:27.842Z,194661,12.926829,15.182927,-0.24390244
1725699567889,2024-09-07T08:59:27.889Z,194708,12.256098,18.04878,-0.4878049
1725699567942,2024-09-07T08:59:27.942Z,194761,12.134147,18.536585,1.3414634
1725699567990,2024-09-07T08:59:27.990Z,194809,14.45122,23.47561,-0.91463417
1725699568036,2024-09-07T08:59:28.036Z,194855,14.573171,21.524391,-1.7682927
1725699568080,2024-09-07T08:59:28.080Z,194899,15.182927,22.195122,-2.317073
1725699568125,2024-09-07T08:59:28.125Z,194944,11.8902445,21.280489,-2.195122
1725699568173,2024-09-07T08:59:28.173Z,194992,10.487805,21.40244,-1.4634147
1725699568195,2024-09-07T08:59:28.195Z,195014,10.304878,19.146341,-0.6707317
1725699568213,2024-09-07T08:59:28.213Z,195032,8.292683,17.073172,-0.6707317
1725699568252,2024-09-07T08:59:28.252Z,195071,7.5609756,11.829268,-0.30487806
1725699568302,2024-09-07T08:59:28.302Z,195121,9.146341,6.280488,0.36585367
1725699568351,2024-09-07T08:59:28.351Z,195170,12.012196,7.378049,-1.0365853
1725699568396,2024-09-07T08:59:28.396Z,195215,11.463415,2.987805,-1.2195122
1725699568441,2024-09-07T08:59:28.441Z,195260,11.219512,-0.42682928,-1.1585366
1725699568491,2024-09-07T08:59:28.491Z,195310,12.317074,-4.1463413,-3.2317073
1725699568537,2024-09-07T08:59:28.537Z,195356,12.926829,-5.609756,-2.8658538
1725699568580,2024-09-07T08:59:28.580Z,195399,12.804878,-3.9634147,-4.390244
1725699568626,2024-09-07T08:59:28.626Z,195445,9.45122,-10.365854,-4.3292685
1725699568655,2024-09-07T08:59:28.655Z,195474,10.853659,-9.02439,-2.4390244
1725699568681,2024-09-07T08:59:28.681Z,195500,9.573171,-11.158537,-1.5243902
1725699568706,2024-09-07T08:59:28.706Z,195525,8.353659,-10.853659,-0.30487806
1725699568763,2024-09-07T08:59:28.763Z,195582,9.268292,-6.8292685,0.24390244
1725699568801,2024-09-07T08:59:28.801Z,195620,9.817074,-10.060976,-2.5609756
1725699568846,2024-09-07T08:59:28.846Z,195665,10.0,-6.8292685,-2.1341465
1725699568890,2024-09-07T08:59:28.890Z,195709,10.0,-1.5243902,0.79268295
1725699568941,2024-09-07T08:59:28.941Z,195760,7.012195,4.4512196,2.8658538
1725699568984,2024-09-07T08:59:28.984Z,195803,6.646342,10.304878,3.0487804
1725699569029,2024-09-07T08:59:29.029Z,195848,8.536586,17.012196,1.2195122
1725699569048,2024-09-07T08:59:29.048Z,195867,6.768293,16.524391,-1.3414634
1725699569065,2024-09-07T08:59:29.065Z,195884,8.414635,17.560976,-0.91463417
1725699569115,2024-09-07T08:59:29.115Z,195934,3.7195122,15.731708,2.7439024
1725699569162,2024-09-07T08:59:29.162Z,195981,1.1585366,19.817074,3.0487804
1725699569206,2024-09-07T08:59:29.206Z,196025,2.682927,15.731708,0.6097561
1725699569261,2024-09-07T08:59:29.261Z,196080,4.634146,16.524391,-1.0365853
1725699569305,2024-09-07T08:59:29.305Z,196124,1.6463414,11.036586,-1.7073171
1725699569346,2024-09-07T08:59:29.346Z,196165,0.9756098,10.426829,-1.5243902
1725699569387,2024-09-07T08:59:29.387Z,196206,-0.79268295,7.987805,0.91463417
1725699569430,2024-09-07T08:59:29.430Z,196249,2.012195,7.865854,-1.1585366
1725699569442,2024-09-07T08:59:29.442Z,196261,2.987805,6.402439,-3.4146342
1725699569463,2024-09-07T08:59:29.463Z,196282,3.5975611,4.634146,-2.378049
1725699569516,2024-09-07T08:59:29.516Z,196335,4.512195,0.12195122,-4.2073174
1725699569565,2024-09-07T08:59:29.565Z,196384,5.2439027,-0.18292683,-0.73170733
1725699569612,2024-09-07T08:59:29.612Z,196431,3.9634147,-8.841464,1.0365853
1725699569656,2024-09-07T08:59:29.656Z,196475,7.9268293,-2.804878,-1.8902439
1725699569698,2024-09-07T08:59:29.698Z,196517,5.609756,-8.231708,2.317073
1725699569746,2024-09-07T08:59:29.746Z,196565,3.902439,-5.914634,4.634146
1725699569794,2024-09-07T08:59:29.794Z,196613,4.085366,-11.829268,2.9268293
1725699569837,2024-09-07T08:59:29.837Z,196656,4.8170733,-10.182927,2.195122
1725699569878,2024-09-07T08:59:29.878Z,196697,2.5609756,-11.158537,5.365854
1725699569898,2024-09-07T08:59:29.898Z,196717,3.5365853,-8.414635,3.7195122
1725699569920,2024-09-07T08:59:29.920Z,196739,1.0365853,-12.804878,5.914634
1725699569968,2024-09-07T08:59:29.968Z,196787,1.9512196,-11.219512,1.1585366
1725699570014,2024-09-07T08:59:30.014Z,196833,0.91463417,-10.731708,0.91463417
1725699570065,2024-09-07T08:59:30.065Z,196884,1.8292683,-1.6463414,2.8658538
1725699570103,2024-09-07T08:59:30.103Z,196922,-3.7195122,-9.02439,3.1097562
1725699570146,2024-09-07T08:59:30.146Z,196965,-4.878049,-1.0365853,0.73170733
1725699570195,2024-09-07T08:59:30.195Z,197014,-4.8170733,-5.609756,0.6707317
1725699570242,2024-09-07T08:59:30.242Z,197061,-2.6219513,4.4512196,-1.7073171
1725699570287,2024-09-07T08:59:30.287Z,197106,-2.9268293,0.30487806,-1.7682927
1725699570306,2024-09-07T08:59:30.306Z,197125,-6.52439,5.8536587,-0.06097561
1725699570329,2024-09-07T08:59:30.329Z,197148,-6.097561,4.1463413,-0.6707317
1725699570373,2024-09-07T08:59:30.373Z,197192,-2.9268293,8.597561,-0.18292683
1725699570414,2024-09-07T08:59:30.414Z,197233,-3.902439,1.2195122,-3.6585367
1725699570474,2024-09-07T08:59:30.474Z,197293,1.2804878,10.792684,-1.6463414
1725699570505,2024-09-07T08:59:30.505Z,197324,3.1097562,7.012195,-3.3536587
1725699570553,2024-09-07T08:59:30.553Z,197372,3.1097562,7.7439027,-4.4512196
1725699570598,2024-09-07T08:59:30.598Z,197417,-0.6097561,3.4756098,-1.7073171
1725699570646,2024-09-07T08:59:30.646Z,197465,1.9512196,7.5,-3.3536587
1725699570694,2024-09-07T08:59:30.694Z,197513,-0.6097561,7.682927,-1.5853659
1725699570717,2024-09-07T08:59:30.717Z,197536,0.24390244,2.2560976,-3.2317073
1725699570740,2024-09-07T08:59:30.740Z,197559,0.36585367,2.0731707,-4.2073174
1725699570778,2024-09-07T08:59:30.778Z,197597,-0.36585367,1.4634147,-4.8170733
1725699570820,2024-09-07T08:59:30.820Z,197639,-2.7439024,-3.6585367,-3.7804878
1725699570866,2024-09-07T08:59:30.866Z,197685,-2.195122,-1.5243902,-2.012195
1725699570914,2024-09-07T08:59:30.914Z,197733,-3.1707318,0.73170733,0.0
1725699570965,2024-09-07T08:59:30.965Z,197784,0.42682928,1.2804878,-0.73170733
1725699571009,2024-09-07T08:59:31.009Z,197828,-0.73170733,-1.8292683,-2.317073
1725699571052,2024-09-07T08:59:31.052Z,197871,1.2804878,4.1463413,1.3414634
1725699571094,2024-09-07T08:59:31.094Z,197913,-0.6707317,3.8414636,3.1097562
1725699571140,2024-09-07T08:59:31.140Z,197959,2.195122,3.3536587,2.195122
1725699571155,2024-09-07T08:59:31.155Z,197974,1.2804878,0.4878049,-0.4878049
1725699571173,2024-09-07T08:59:31.173Z,197992,-2.5,-0.5487805,1.4634147
1725699571230,2024-09-07T08:59:31.230Z,198049,-4.02439,-1.5853659,5.4268293
1725699571273,2024-09-07T08:59:31.273Z,198092,-6.402439,-0.6097561,1.8902439
1725699571324,2024-09-07T08:59:31.324Z,198143,-6.280488,3.4756098,2.4390244
1725699571370,2024-09-07T08:59:31.370Z,198189,-7.378049,4.878049,4.4512196
1725699571409,2024-09-07T08:59:31.409Z,198228,-10.0,5.304878,5.0609756
1725699571456,2024-09-07T08:59:31.456Z,198275,-14.085366,2.012195,4.6951222
1725699571498,2024-09-07T08:59:31.498Z,198317,-15.060976,4.4512196,4.1463413
1725699571550,2024-09-07T08:59:31.550Z,198369,-17.256098,3.2317073,6.52439
1725699571573,2024-09-07T08:59:31.573Z,198392,-16.890244,7.865854,4.878049
1725699571590,2024-09-07T08:59:31.590Z,198409,-22.804878,2.6219513,4.6951222
1725699571633,2024-09-07T08:59:31.633Z,198452,-28.414635,-0.91463417,3.2317073
1725699571678,2024-09-07T08:59:31.678Z,198497,-30.243902,0.12195122,3.9634147
1725699571726,2024-09-07T08:59:31.726Z,198545,-32.621952,3.6585367,2.4390244
1725699571771,2024-09-07T08:59:31.771Z,198590,-31.524391,0.30487806,1.5853659
1725699571813,2024-09-07T08:59:31.813Z,198632,-30.54878,3.1707318,0.36585367
1725699571861,2024-09-07T08:59:31.861Z,198680,-29.634148,3.1707318,2.0731707
1725699571906,2024-09-07T08:59:31.906Z,198725,-23.04878,4.268293,-0.91463417
1725699571955,2024-09-07T08:59:31.955Z,198774,-23.59756,-5.304878,2.7439024
1725699571976,2024-09-07T08:59:31.976Z,198795,-19.87805,-5.4268293,5.609756
1725699571990,2024-09-07T08:59:31.990Z,198809,-20.487804,-4.878049,5.792683
1725699572035,2024-09-07T08:59:32.035Z,198854,-18.109756,-0.6097561,1.6463414
1725699572081,2024-09-07T08:59:32.081Z,198900,-24.512196,-5.0609756,3.6585367
1725699572130,2024-09-07T08:59:32.130Z,198949,-26.707317,-3.7195122,2.2560976
1725699572174,2024-09-07T08:59:32.174Z,198993,-29.512196,-4.8170733,2.012195
1725699572219,2024-09-07T08:59:32.219Z,199038,-25.97561,-4.268293,-3.1097562
1725699572270,2024-09-07T08:59:32.270Z,199089,-22.5,-5.304878,-4.085366
1725699572308,2024-09-07T08:59:32.308Z,199127,-17.804878,-2.7439024,-4.512195
1725699572356,2024-09-07T08:59:32.356Z,199175,-10.182927,-5.914634,-6.9512196
1725699572398,2024-09-07T08:59:32.398Z,199217,-5.792683,-13.47561,-6.52439
1725699572419,2024-09-07T08:59:32.419Z,199238,-1.7073171,-17.804878,-4.1463413
1725699572436,2024-09-07T08:59:32.436Z,199255,0.9756098,-24.45122,-4.634146
1725699572486,2024-09-07T08:59:32.486Z,199305,3.8414636,-22.317074,-1.8902439
1725699572532,2024-09-07T08:59:32.532Z,199351,5.0609756,-24.512196,-1.7073171
1725699572584,2024-09-07T08:59:32.584Z,199403,4.02439,-26.40244,1.2195122
1725699572634,2024-09-07T08:59:32.634Z,199453,4.085366,-23.231709,4.268293
1725699572674,2024-09-07T08:59:32.674Z,199493,4.6951222,-20.731709,2.5609756
1725699572716,2024-09-07T08:59:32.716Z,199535,3.8414636,-20.54878,0.24390244
1725699572762,2024-09-07T08:59:32.762Z,199581,0.91463417,-16.158537,-2.987805
1725699572808,2024-09-07T08:59:32.808Z,199627,0.30487806,-12.560976,-5.5487804
1725699572832,2024-09-07T08:59:32.832Z,199651,1.0365853,-4.4512196,-6.768293
1725699572850,2024-09-07T08:59:32.850Z,199669,-0.36585367,-5.182927,-5.8536587
1725699572890,2024-09-07T08:59:32.890Z,199709,0.24390244,-4.02439,-5.0
1725699572936,2024-09-07T08:59:32.936Z,199755,-2.1341465,-2.804878,-1.8292683
1725699572984,2024-09-07T08:59:32.984Z,199803,-0.85365856,-2.012195,-0.6097561
1725699573031,2024-09-07T08:59:33.031Z,199850,-1.2804878,-1.7073171,1.5853659
1725699573076,2024-09-07T08:59:33.076Z,199895,0.5487805,2.317073,4.3292685
1725699573125,2024-09-07T08:59:33.125Z,199944,-1.9512196,-2.195122,6.646342
1725699573164,2024-09-07T08:59:33.164Z,199983,-0.6707317,4.9390244,6.280488
1725699573209,2024-09-07T08:59:33.209Z,200028,-3.1707318,4.3292685,5.121951
1725699573230,2024-09-07T08:59:33.230Z,200049,-2.378049,10.243902,2.8658538
1725699573251,2024-09-07T08:59:33.251Z,200070,-2.804878,7.6219516,2.012195
1725699573301,2024-09-07T08:59:33.301Z,200120,-2.012195,4.8170733,-0.18292683
1725699573346,2024-09-07T08:59:33.346Z,200165,-0.4878049,1.2195122,-0.6707317
1725699573392,2024-09-07T08:59:33.392Z,200211,2.8658538,4.634146,-1.0365853
1725699573441,2024-09-07T08:59:33.441Z,200260,3.7804878,-0.9756098,-1.402439
1725699573481,2024-09-07T08:59:33.481Z,200300,4.512195,-4.878049,-0.73170733
1725699573522,2024-09-07T08:59:33.522Z,200341,4.3292685,-9.3902445,-1.2804878
1725699573570,2024-09-07T08:59:33.570Z,200389,7.1951222,-8.109756,-3.4146342
1725699573620,2024-09-07T08:59:33.620Z,200439,8.658537,-5.4268293,-3.1097562
1725699573644,2024-09-07T08:59:33.644Z,200463,12.560976,2.2560976,-3.292683
1725699573664,2024-09-07T08:59:33.664Z,200483,12.317074,1.1585366,-3.7195122
1725699573705,2024-09-07T08:59:33.705Z,200524,13.719513,0.36585367,-4.1463413
1725699573751,2024-09-07T08:59:33.751Z,200570,15.182927,1.7073171,-4.6951222
1725699573802,2024-09-07T08:59:33.802Z,200621,16.219513,2.317073,-4.9390244
1725699573841,2024-09-07T08:59:33.841Z,200660,16.524391,6.52439,-3.0487804
1725699573892,2024-09-07T08:59:33.892Z,200711,16.524391,5.97561,-3.2317073
1725699573933,2024-09-07T08:59:33.933Z,200752,13.780488,2.2560976,-4.02439
1725699573978,2024-09-07T08:59:33.978Z,200797,12.804878,8.353659,-4.512195
1725699574020,2024-09-07T08:59:34.020Z,200839,10.426829,7.256098,-2.378049
1725699574065,2024-09-07T08:59:34.065Z,200884,11.829268,10.731708,-1.7682927
1725699574085,2024-09-07T08:59:34.085Z,200904,14.817074,15.182927,-3.7195122
1725699574105,2024-09-07T08:59:34.105Z,200924,12.134147,12.134147,-2.7439024
1725699574157,2024-09-07T08:59:34.157Z,200976,11.158537,12.073171,-2.9268293
1725699574206,2024-09-07T08:59:34.206Z,201025,8.414635,10.182927,-2.804878
1725699574250,2024-09-07T08:59:34.250Z,201069,6.3414636,11.707317,-1.1585366
1725699574293,2024-09-07T08:59:34.293Z,201112,6.0365853,15.731708,0.79268295
1725699574335,2024-09-07T08:59:34.335Z,201154,0.42682928,12.987805,2.012195
1725699574378,2024-09-07T08:59:34.378Z,201197,5.0,9.634147,3.3536587
1725699574425,2024-09-07T08:59:34.425Z,201244,11.097561,9.329268,-1.402439
1725699574473,2024-09-07T08:59:34.473Z,201292,13.902439,6.158537,-4.634146
1725699574491,2024-09-07T08:59:34.491Z,201310,14.085366,6.0365853,-4.634146
1725699574507,2024-09-07T08:59:34.507Z,201326,12.5,-0.18292683,-5.4268293
1725699574602,2024-09-07T08:59:34.602Z,201421,13.170732,-3.5975611,-10.304878
1725699574616,2024-09-07T08:59:34.616Z,201435,13.780488,-0.5487805,-10.304878
1725699574644,2024-09-07T08:59:34.644Z,201463,14.207317,0.06097561,-6.402439
1725699574693,2024-09-07T08:59:34.693Z,201512,13.109756,-1.097561,-4.6951222
1725699574739,2024-09-07T08:59:34.739Z,201558,11.707317,-1.5243902,-4.6951222
1725699574788,2024-09-07T08:59:34.788Z,201607,9.146341,-6.8292685,-4.1463413
1725699574831,2024-09-07T08:59:34.831Z,201650,10.304878,-1.7073171,-3.7195122
1725699574878,2024-09-07T08:59:34.878Z,201697,7.682927,-9.756098,-3.9634147
1725699574895,2024-09-07T08:59:34.895Z,201714,8.841464,1.2804878,-3.5365853
1725699574911,2024-09-07T08:59:34.911Z,201730,6.3414636,0.9756098,0.6097561
1725699574955,2024-09-07T08:59:34.955Z,201774,3.2317073,-7.378049,-0.06097561
1725699575001,2024-09-07T08:59:35.001Z,201820,3.0487804,-6.9512196,1.4634147
1725699575053,2024-09-07T08:59:35.053Z,201872,3.4146342,-2.5,1.7073171
1725699575098,2024-09-07T08:59:35.098Z,201917,2.5,-3.8414636,1.7073171
1725699575145,2024-09-07T08:59:35.145Z,201964,2.195122,-5.792683,3.9634147
1725699575189,2024-09-07T08:59:35.189Z,202008,0.5487805,-3.3536587,6.280488
1725699575237,2024-09-07T08:59:35.237Z,202056,1.8902439,-1.8902439,4.5731707
1725699575280,2024-09-07T08:59:35.280Z,202099,1.5853659,-6.097561,-1.4634147
1725699575328,2024-09-07T08:59:35.328Z,202147,1.7682927,-1.2195122,0.9756098
1725699575352,2024-09-07T08:59:35.352Z,202171,-3.6585367,-10.304878,-1.097561
1725699575369,2024-09-07T08:59:35.369Z,202188,0.5487805,-0.85365856,-3.7804878
1725699575410,2024-09-07T08:59:35.410Z,202229,-2.0731707,-9.878049,0.36585367
1725699575460,2024-09-07T08:59:35.460Z,202279,-0.06097561,2.804878,-2.987805
1725699575507,2024-09-07T08:59:35.507Z,202326,-3.292683,-4.4512196,-0.73170733
1725699575556,2024-09-07T08:59:35.556Z,202375,-5.670732,-4.878049,1.6463414
1725699575599,2024-09-07T08:59:35.599Z,202418,-2.8658538,-3.1097562,-0.42682928
1725699575644,2024-09-07T08:59:35.644Z,202463,-2.6219513,-3.1097562,-0.42682928
1725699575684,2024-09-07T08:59:35.684Z,202503,-0.36585367,-0.5487805,0.24390244
1725699575733,2024-09-07T08:59:35.733Z,202552,1.2195122,0.73170733,-1.6463414
1725699575752,2024-09-07T08:59:35.752Z,202571,0.6707317,-0.9756098,-1.3414634
1725699575771,2024-09-07T08:59:35.771Z,202590,-0.42682928,0.42682928,-0.24390244
1725699575817,2024-09-07T08:59:35.817Z,202636,2.987805,0.12195122,-2.4390244
1725699575862,2024-09-07T08:59:35.862Z,202681,2.5,-1.402439,-3.8414636
1725699575909,2024-09-07T08:59:35.909Z,202728,1.402439,-1.6463414,-1.402439
1725699575956,2024-09-07T08:59:35.956Z,202775,1.0365853,-0.18292683,-1.7073171
1725699575998,2024-09-07T08:59:35.998Z,202817,2.5609756,4.268293,-1.097561
1725699576054,2024-09-07T08:59:36.054Z,202873,1.3414634,4.268293,1.4634147
1725699576087,2024-09-07T08:59:36.087Z,202906,1.5243902,7.012195,0.18292683
1725699576135,2024-09-07T08:59:36.135Z,202954,3.3536587,6.158537,-0.18292683
1725699576154,2024-09-07T08:59:36.154Z,202973,0.30487806,3.3536587,0.6097561
1725699576178,2024-09-07T08:59:36.178Z,202997,1.3414634,4.390244,2.2560976
1725699576217,2024-09-07T08:59:36.217Z,203036,1.8292683,6.4634147,1.7073171
1725699576266,2024-09-07T08:59:36.266Z,203085,0.4878049,5.487805,1.7073171
1725699576307,2024-09-07T08:59:36.307Z,203126,1.6463414,10.121951,4.756098
1725699576356,2024-09-07T08:59:36.356Z,203175,0.12195122,9.02439,3.3536587
1725699576404,2024-09-07T08:59:36.404Z,203223,1.6463414,15.182927,1.5243902
1725699576447,2024-09-07T08:59:36.447Z,203266,0.24390244,9.268292,0.79268295
1725699576491,2024-09-07T08:59:36.491Z,203310,-0.12195122,8.841464,1.5243902
1725699576539,2024-09-07T08:59:36.539Z,203358,-1.8292683,8.536586,-0.6097561
1725699576582,2024-09-07T08:59:36.582Z,203401,3.7195122,10.731708,-4.02439
1725699576598,2024-09-07T08:59:36.598Z,203417,-1.4634147,8.109756,-1.2804878
1725699576625,2024-09-07T08:59:36.625Z,203444,-5.914634,7.6219516,1.1585366
1725699576672,2024-09-07T08:59:36.672Z,203491,-2.682927,10.365854,0.4878049
1725699576722,2024-09-07T08:59:36.722Z,203541,-8.04878,5.182927,-0.36585367
1725699576767,2024-09-07T08:59:36.767Z,203586,-8.963415,5.97561,1.7073171
1725699576814,2024-09-07T08:59:36.814Z,203633,-11.158537,8.597561,2.804878
1725699576858,2024-09-07T08:59:36.858Z,203677,-11.829268,5.487805,-1.1585366
1725699576903,2024-09-07T08:59:36.903Z,203722,-15.304878,-0.12195122,0.0
1725699576950,2024-09-07T08:59:36.950Z,203769,-16.036585,2.987805,2.2560976
1725699576994,2024-09-07T08:59:36.994Z,203813,-20.121952,-1.5243902,3.7804878
1725699577018,2024-09-07T08:59:37.018Z,203837,-22.743902,-0.42682928,3.1707318
1725699577036,2024-09-07T08:59:37.036Z,203855,-26.463415,-0.79268295,3.5975611
1725699577075,2024-09-07T08:59:37.075Z,203894,-27.92683,0.5487805,9.817074
1725699577127,2024-09-07T08:59:37.127Z,203946,-26.524391,3.9634147,6.097561
1725699577175,2024-09-07T08:59:37.175Z,203994,-29.817074,-4.9390244,3.1707318
1725699577217,2024-09-07T08:59:37.217Z,204036,-33.292683,-4.390244,7.682927
1725699577264,2024-09-07T08:59:37.264Z,204083,-35.30488,-7.682927,11.158537
1725699577304,2024-09-07T08:59:37.304Z,204123,-31.219513,-6.280488,6.0365853
1725699577349,2024-09-07T08:59:37.349Z,204168,-32.2561,-11.95122,10.304878
1725699577394,2024-09-07T08:59:37.394Z,204213,-34.939026,-17.195122,10.914635
1725699577412,2024-09-07T08:59:37.412Z,204231,-27.804878,-17.134148,11.646341
1725699577433,2024-09-07T08:59:37.433Z,204252,-29.207317,-21.40244,11.402439
1725699577483,2024-09-07T08:59:37.483Z,204302,-29.390245,-18.719513,9.817074
1725699577531,2024-09-07T08:59:37.531Z,204350,-26.707317,-20.54878,10.182927
1725699577575,2024-09-07T08:59:37.575Z,204394,-25.853659,-20.243902,9.878049
1725699577620,2024-09-07T08:59:37.620Z,204439,-21.585367,-26.09756,6.402439
1725699577663,2024-09-07T08:59:37.663Z,204482,-21.890244,-36.219513,2.2560976
1725699577710,2024-09-07T08:59:37.710Z,204529,-15.304878,-31.463415,-0.30487806
1725699577759,2024-09-07T08:59:37.759Z,204578,-10.182927,-34.57317,-4.2073174
1725699577800,2024-09-07T08:59:37.800Z,204619,-9.02439,-31.768293,-7.4390244
1725699577849,2024-09-07T08:59:37.849Z,204668,-1.0365853,-14.146341,-9.634147
1725699577869,2024-09-07T08:59:37.869Z,204688,-0.24390244,-13.231708,-9.02439
1725699577894,2024-09-07T08:59:37.894Z,204713,3.1097562,-10.121951,-9.878049
1725699577932,2024-09-07T08:59:37.932Z,204751,0.5487805,-13.170732,-5.0609756
1725699577981,2024-09-07T08:59:37.981Z,204800,-1.0365853,-13.47561,-2.378049
1725699578023,2024-09-07T08:59:38.023Z,204842,-1.2804878,-12.073171,-3.5365853
1725699578070,2024-09-07T08:59:38.070Z,204889,0.0,-8.292683,-3.4756098
1725699578117,2024-09-07T08:59:38.117Z,204936,0.4878049,-6.646342,-2.987805
1725699578162,2024-09-07T08:59:38.162Z,204981,0.0,-7.6219516,-3.4756098
1725699578207,2024-09-07T08:59:38.207Z,205026,0.12195122,-5.365854,-2.804878
1725699578246,2024-09-07T08:59:38.246Z,205065,-1.097561,-2.6219513,0.12195122
1725699578265,2024-09-07T08:59:38.265Z,205084,0.12195122,1.2804878,0.79268295
1725699578295,2024-09-07T08:59:38.295Z,205114,-0.4878049,2.5,1.5243902
1725699578345,2024-09-07T08:59:38.345Z,205164,0.0,5.609756,2.1341465
1725699578387,2024-09-07T08:59:38.387Z,205206,-2.195122,8.292683,2.1341465
1725699578434,2024-09-07T08:59:38.434Z,205253,-0.91463417,7.682927,0.73170733
1725699578472,2024-09-07T08:59:38.472Z,205291,0.0,6.4634147,0.18292683
1725699578521,2024-09-07T08:59:38.521Z,205340,-1.5853659,5.5487804,2.317073
1725699578569,2024-09-07T08:59:38.569Z,205388,-0.12195122,3.3536587,1.2195122
1725699578613,2024-09-07T08:59:38.613Z,205432,-1.402439,-0.73170733,2.1341465
1725699578654,2024-09-07T08:59:38.654Z,205473,-0.30487806,0.6097561,0.24390244
1725699578676,2024-09-07T08:59:38.676Z,205495,1.097561,0.5487805,-1.0365853
1725699578693,2024-09-07T08:59:38.693Z,205512,2.317073,2.1341465,-2.5609756
1725699578748,2024-09-07T08:59:38.748Z,205567,6.097561,4.1463413,-3.5975611
1725699578796,2024-09-07T08:59:38.796Z,205615,6.8292685,3.292683,-3.5975611
1725699578838,2024-09-07T08:59:38.838Z,205657,7.0731707,-2.4390244,-2.9268293
1725699578884,2024-09-07T08:59:38.884Z,205703,7.987805,-4.512195,-3.5975611
1725699578926,2024-09-07T08:59:38.926Z,205745,13.719513,3.2317073,-4.756098
1725699578972,2024-09-07T08:59:38.972Z,205791,15.97561,12.256098,-3.8414636
1725699579019,2024-09-07T08:59:39.019Z,205838,18.170732,17.195122,-3.9634147
1725699579061,2024-09-07T08:59:39.061Z,205880,17.987804,17.621952,-5.609756
1725699579107,2024-09-07T08:59:39.107Z,205926,20.487804,22.37805,-6.3414636
1725699579134,2024-09-07T08:59:39.134Z,205953,22.256098,23.963415,-5.914634
1725699579156,2024-09-07T08:59:39.156Z,205975,21.341463,27.743902,-1.402439
1725699579196,2024-09-07T08:59:39.196Z,206015,23.353659,26.524391,-3.1707318
1725699579240,2024-09-07T08:59:39.240Z,206059,22.92683,20.0,-8.963415
1725699579290,2024-09-07T08:59:39.290Z,206109,22.804878,21.82927,-6.9512196
1725699579338,2024-09-07T08:59:39.338Z,206157,17.195122,19.512196,-3.7804878
1725699579378,2024-09-07T08:59:39.378Z,206197,17.256098,21.890244,-2.378049
1725699579423,2024-09-07T08:59:39.423Z,206242,16.219513,21.890244,-2.682927
1725699579470,2024-09-07T08:59:39.470Z,206289,13.109756,20.243902,0.36585367
1725699579513,2024-09-07T08:59:39.513Z,206332,11.219512,25.365854,3.1707318
1725699579537,2024-09-07T08:59:39.537Z,206356,9.329268,24.085367,2.0731707
1725699579559,2024-09-07T08:59:39.559Z,206378,8.719512,20.731709,-1.5243902
1725699579600,2024-09-07T08:59:39.600Z,206419,6.2195125,19.87805,1.402439
1725699579649,2024-09-07T08:59:39.649Z,206468,6.9512196,16.95122,2.682927
1725699579686,2024-09-07T08:59:39.686Z,206505,9.268292,18.90244,-2.5609756
1725699579732,2024-09-07T08:59:39.732Z,206551,10.792684,22.37805,-3.6585367
1725699579781,2024-09-07T08:59:39.781Z,206600,10.0,20.42683,-1.4634147
1725699579824,2024-09-07T08:59:39.824Z,206643,9.45122,12.378049,0.24390244
1725699579870,2024-09-07T08:59:39.870Z,206689,7.987805,11.402439,2.1341465
1725699579915,2024-09-07T08:59:39.915Z,206734,8.231708,8.170732,-0.6707317
1725699579937,2024-09-07T08:59:39.937Z,206756,8.109756,3.8414636,-2.9268293
1725699579958,2024-09-07T08:59:39.958Z,206777,12.987805,10.487805,-2.804878
1725699580003,2024-09-07T08:59:40.003Z,206822,10.54878,8.04878,-2.7439024
1725699580052,2024-09-07T08:59:40.052Z,206871,10.121951,10.0,-1.8292683
1725699580095,2024-09-07T08:59:40.095Z,206914,9.207317,10.792684,0.12195122
1725699580140,2024-09-07T08:59:40.140Z,206959,9.817074,16.036585,0.9756098
1725699580186,2024-09-07T08:59:40.186Z,207005,7.682927,9.329268,4.878049
1725699580236,2024-09-07T08:59:40.236Z,207055,3.6585367,2.6219513,5.4268293
1725699580287,2024-09-07T08:59:40.287Z,207106,2.9268293,1.4634147,3.8414636
1725699580317,2024-09-07T08:59:40.317Z,207136,4.390244,0.91463417,-0.06097561
1725699580364,2024-09-07T08:59:40.364Z,207183,5.670732,3.8414636,-4.02439
1725699580380,2024-09-07T08:59:40.380Z,207199,3.5975611,-1.8292683,-0.06097561
1725699580402,2024-09-07T08:59:40.402Z,207221,3.9634147,4.756098,0.91463417
1725699580446,2024-09-07T08:59:40.446Z,207265,1.5243902,0.42682928,0.4878049
1725699580498,2024-09-07T08:59:40.498Z,207317,0.36585367,2.5609756,-0.18292683
1725699580547,2024-09-07T08:59:40.547Z,207366,1.8292683,-4.1463413,-0.9756098
1725699580594,2024-09-07T08:59:40.594Z,207413,2.9268293,-4.1463413,-3.6585367
1725699580638,2024-09-07T08:59:40.638Z,207457,3.5365853,-7.378049,-2.9268293
1725699580686,2024-09-07T08:59:40.686Z,207505,3.9634147,-2.5609756,-3.4146342
1725699580728,2024-09-07T08:59:40.728Z,207547,2.195122,-10.243902,-3.4146342
1725699580774,2024-09-07T08:59:40.774Z,207593,2.987805,-5.2439027,-4.390244
1725699580799,2024-09-07T08:59:40.799Z,207618,1.402439,-7.256098,-5.487805
1725699580819,2024-09-07T08:59:40.819Z,207638,-0.9756098,-7.5609756,-6.280488
1725699580855,2024-09-07T08:59:40.855Z,207674,-1.7073171,-7.7439027,-0.30487806
1725699580903,2024-09-07T08:59:40.903Z,207722,-2.987805,-6.402439,1.9512196
1725699580952,2024-09-07T08:59:40.952Z,207771,-2.317073,-5.4268293,3.1097562
1725699580996,2024-09-07T08:59:40.996Z,207815,-3.5365853,-4.878049,8.231708
1725699581041,2024-09-07T08:59:41.041Z,207860,-1.9512196,-1.5853659,5.609756
1725699581085,2024-09-07T08:59:41.085Z,207904,2.8658538,2.0731707,1.7073171
1725699581136,2024-09-07T08:59:41.136Z,207955,3.4146342,2.1341465,2.8658538
1725699581174,2024-09-07T08:59:41.174Z,207993,3.292683,2.5,0.9756098
1725699581194,2024-09-07T08:59:41.194Z,208013,4.390244,3.5365853,4.02439
1725699581210,2024-09-07T08:59:41.210Z,208029,1.1585366,-2.378049,2.682927
1725699581265,2024-09-07T08:59:41.265Z,208084,0.12195122,3.2317073,2.6219513
1725699581310,2024-09-07T08:59:41.310Z,208129,1.7073171,8.170732,5.304878
1725699581355,2024-09-07T08:59:41.355Z,208174,0.12195122,2.9268293,-1.0365853
1725699581401,2024-09-07T08:59:41.401Z,208220,1.097561,4.3292685,-0.9756098
1725699581442,2024-09-07T08:59:41.442Z,208261,0.6707317,6.7073174,0.6707317
1725699581493,2024-09-07T08:59:41.493Z,208312,2.378049,4.6951222,-5.304878
1725699581539,2024-09-07T08:59:41.539Z,208358,1.4634147,4.756098,-2.804878
1725699581578,2024-09-07T08:59:41.578Z,208397,4.3292685,9.146341,-6.0365853
1725699581623,2024-09-07T08:59:41.623Z,208442,2.012195,7.865854,-5.487805
1725699581643,2024-09-07T08:59:41.643Z,208462,-2.4390244,6.52439,-3.902439
1725699581669,2024-09-07T08:59:41.669Z,208488,-0.91463417,10.060976,-4.02439
1725699581714,2024-09-07T08:59:41.714Z,208533,-2.378049,7.5609756,-2.4390244
1725699581761,2024-09-07T08:59:41.761Z,208580,-3.4756098,10.487805,-1.9512196
1725699581807,2024-09-07T08:59:41.807Z,208626,-6.280488,3.0487804,-1.4634147
1725699581852,2024-09-07T08:59:41.852Z,208671,-6.402439,5.670732,-0.6097561
1725699581894,2024-09-07T08:59:41.894Z,208713,-10.304878,4.2073174,0.4878049
1725699581938,2024-09-07T08:59:41.938Z,208757,-12.317074,3.7804878,4.1463413
1725699581989,2024-09-07T08:59:41.989Z,208808,-16.219513,-2.682927,2.317073
1725699582037,2024-09-07T08:59:42.037Z,208856,-15.121951,3.7804878,0.0
1725699582058,2024-09-07T08:59:42.058Z,208877,-20.304878,-0.91463417,3.4756098
1725699582073,2024-09-07T08:59:42.073Z,208892,-21.524391,-1.097561,-0.18292683
1725699582114,2024-09-07T08:59:42.114Z,208933,-23.59756,-6.585366,-1.7073171
1725699582162,2024-09-07T08:59:42.162Z,208981,-26.09756,-5.304878,0.5487805
1725699582211,2024-09-07T08:59:42.211Z,209030,-28.719513,-5.914634,2.0731707
1725699582254,2024-09-07T08:59:42.254Z,209073,-31.646341,-9.02439,2.0731707
1725699582302,2024-09-07T08:59:42.302Z,209121,-30.182928,-7.7439027,2.4390244
1725699582348,2024-09-07T08:59:42.348Z,209167,-33.35366,-9.45122,3.3536587
1725699582392,2024-09-07T08:59:42.392Z,209211,-33.17073,-14.756098,0.12195122
1725699582442,2024-09-07T08:59:42.442Z,209261,-25.365854,-13.170732,-6.52439
1725699582467,2024-09-07T08:59:42.467Z,209286,-20.670732,-6.8292685,-0.85365856
1725699582488,2024-09-07T08:59:42.488Z,209307,-27.804878,-7.865854,3.292683
1725699582521,2024-09-07T08:59:42.521Z,209340,-27.560976,-12.743903,1.8292683
1725699582569,2024-09-07T08:59:42.569Z,209388,-28.414635,-11.219512,6.890244
1725699582617,2024-09-07T08:59:42.617Z,209436,-30.487806,-13.109756,12.865854
1725699582663,2024-09-07T08:59:42.663Z,209482,-27.987806,-17.256098,12.560976
1725699582708,2024-09-07T08:59:42.708Z,209527,-27.37805,-16.09756,12.012196
1725699582752,2024-09-07T08:59:42.752Z,209571,-21.768293,-11.158537,12.5
1725699582799,2024-09-07T08:59:42.799Z,209618,-17.073172,-11.829268,9.939025
1725699582847,2024-09-07T08:59:42.847Z,209666,-11.95122,-15.243903,3.6585367
1725699582891,2024-09-07T08:59:42.891Z,209710,-13.536586,-24.207317,1.402439
1725699582918,2024-09-07T08:59:42.918Z,209737,-11.463415,-27.682928,1.402439
1725699582939,2024-09-07T08:59:42.939Z,209758,-4.1463413,-29.390245,0.18292683
1725699582973,2024-09-07T08:59:42.973Z,209792,-5.5487804,-34.32927,0.06097561
1725699583021,2024-09-07T08:59:43.021Z,209840,-4.1463413,-30.670732,-3.2317073
1725699583064,2024-09-07T08:59:43.064Z,209883,-3.8414636,-22.621952,-7.378049
1725699583111,2024-09-07T08:59:43.111Z,209930,-0.6097561,-11.402439,-7.987805
1725699583161,2024-09-07T08:59:43.161Z,209980,-0.85365856,-13.109756,-6.52439
1725699583204,2024-09-07T08:59:43.204Z,210023,0.18292683,-15.731708,-6.890244
1725699583249,2024-09-07T08:59:43.249Z,210068,1.1585366,-14.817074,-5.365854
1725699583293,2024-09-07T08:59:43.293Z,210112,1.5243902,-11.646341,-3.5975611
1725699583315,2024-09-07T08:59:43.315Z,210134,2.804878,-15.853659,-3.7195122
1725699583336,2024-09-07T08:59:43.336Z,210155,1.1585366,-13.658537,-2.378049
1725699583379,2024-09-07T08:59:43.379Z,210198,0.42682928,-13.963415,-3.2317073
1725699583429,2024-09-07T08:59:43.429Z,210248,-0.30487806,-8.231708,-2.9268293
1725699583477,2024-09-07T08:59:43.477Z,210296,-2.5609756,-6.8292685,0.6097561
1725699583518,2024-09-07T08:59:43.518Z,210337,-2.2560976,-2.4390244,1.5243902
1725699583566,2024-09-07T08:59:43.566Z,210385,-1.2804878,0.30487806,1.3414634
1725699583609,2024-09-07T08:59:43.609Z,210428,0.30487806,6.158537,2.6219513
1725699583647,2024-09-07T08:59:43.647Z,210466,0.36585367,7.987805,3.6585367
1725699583692,2024-09-07T08:59:43.692Z,210511,3.8414636,11.280488,0.24390244
1725699583713,2024-09-07T08:59:43.713Z,210532,4.085366,9.878049,0.85365856
1725699583736,2024-09-07T08:59:43.736Z,210555,5.365854,7.012195,0.06097561
1725699583794,2024-09-07T08:59:43.794Z,210613,6.9512196,8.963415,-0.79268295
1725699583827,2024-09-07T08:59:43.827Z,210646,9.3902445,11.829268,-0.79268295
1725699583875,2024-09-07T08:59:43.875Z,210694,12.378049,13.780488,-1.5243902
1725699583922,2024-09-07T08:59:43.922Z,210741,15.121951,14.3902445,-2.4390244
1725699583965,2024-09-07T08:59:43.965Z,210784,17.012196,15.609756,-4.085366
1725699584008,2024-09-07T08:59:44.008Z,210827,18.536585,16.219513,-2.8658538
1725699584059,2024-09-07T08:59:44.059Z,210878,17.012196,9.878049,-4.268293
1725699584103,2024-09-07T08:59:44.103Z,210922,18.536585,9.939025,-6.158537
1725699584149,2024-09-07T08:59:44.149Z,210968,18.59756,13.109756,-5.5487804
1725699584176,2024-09-07T08:59:44.176Z,210995,18.414635,17.134148,-5.914634
1725699584197,2024-09-07T08:59:44.197Z,211016,17.012196,15.426829,-6.585366
1725699584230,2024-09-07T08:59:44.230Z,211049,17.37805,15.853659,-6.0365853
1725699584277,2024-09-07T08:59:44.277Z,211096,15.243903,16.09756,-4.512195
1725699584327,2024-09-07T08:59:44.327Z,211146,17.317074,19.207317,-3.0487804
1725699584378,2024-09-07T08:59:44.378Z,211197,14.939025,17.92683,-3.8414636
1725699584422,2024-09-07T08:59:44.422Z,211241,10.304878,16.219513,-1.3414634
1725699584461,2024-09-07T08:59:44.461Z,211280,8.292683,18.658537,2.6219513
1725699584509,2024-09-07T08:59:44.509Z,211328,5.914634,17.682928,1.3414634
1725699584553,2024-09-07T08:59:44.553Z,211372,5.0609756,15.0,-1.5243902
1725699584577,2024-09-07T08:59:44.577Z,211396,8.231708,15.914635,-1.7073171
1725699584592,2024-09-07T08:59:44.592Z,211411,6.646342,15.97561,0.6097561
1725699584636,2024-09-07T08:59:44.636Z,211455,9.207317,13.902439,-1.097561
1725699584684,2024-09-07T08:59:44.684Z,211503,8.292683,7.5609756,-4.512195
1725699584732,2024-09-07T08:59:44.732Z,211551,6.8292685,7.987805,-1.8292683
1725699584779,2024-09-07T08:59:44.779Z,211598,3.1707318,8.109756,1.097561
1725699584824,2024-09-07T08:59:44.824Z,211643,4.634146,6.402439,-0.24390244
1725699584865,2024-09-07T08:59:44.865Z,211684,7.9268293,5.8536587,-3.1707318
1725699584911,2024-09-07T08:59:44.911Z,211730,10.182927,6.158537,-3.292683
1725699584959,2024-09-07T08:59:44.959Z,211778,14.146341,10.914635,-5.8536587
1725699584981,2024-09-07T08:59:44.981Z,211800,14.329268,8.658537,-10.0
1725699585000,2024-09-07T08:59:45Z,211819,12.378049,9.207317,-8.109756
1725699585042,2024-09-07T08:59:45.042Z,211861,10.243902,7.7439027,-5.4268293
1725699585090,2024-09-07T08:59:45.090Z,211909,6.158537,4.390244,-3.1707318
1725699585138,2024-09-07T08:59:45.138Z,211957,3.292683,5.365854,2.195122
1725699585177,2024-09-07T08:59:45.177Z,211996,3.902439,3.5975611,1.097561
1725699585227,2024-09-07T08:59:45.227Z,212046,3.2317073,2.2560976,-2.012195
1725699585276,2024-09-07T08:59:45.276Z,212095,5.4268293,9.45122,0.6707317
1725699585315,2024-09-07T08:59:45.315Z,212134,4.878049,3.902439,-1.402439
1725699585367,2024-09-07T08:59:45.367Z,212186,7.1341467,7.865854,-1.2804878
1725699585404,2024-09-07T08:59:45.404Z,212223,6.52439,7.865854,-2.195122
1725699585422,2024-09-07T08:59:45.422Z,212241,5.487805,10.670732,-1.2195122
1725699585447,2024-09-07T08:59:45.447Z,212266,4.756098,3.5365853,-2.195122
1725699585495,2024-09-07T08:59:45.495Z,212314,3.8414636,3.7804878,-0.06097561
1725699585552,2024-09-07T08:59:45.552Z,212371,10.182927,3.1097562,0.6707317
1725699585582,2024-09-07T08:59:45.582Z,212401,7.7439027,5.2439027,0.6097561
1725699585629,2024-09-07T08:59:45.629Z,212448,5.2439027,-0.4878049,0.79268295
1725699585674,2024-09-07T08:59:45.674Z,212493,6.2195125,0.6707317,-2.012195
1725699585719,2024-09-07T08:59:45.719Z,212538,7.4390244,3.292683,3.292683
1725699585762,2024-09-07T08:59:45.762Z,212581,3.6585367,-3.5975611,3.4756098
1725699585811,2024-09-07T08:59:45.811Z,212630,5.2439027,0.12195122,1.5853659
1725699585828,2024-09-07T08:59:45.828Z,212647,3.1707318,-4.634146,0.73170733
1725699585846,2024-09-07T08:59:45.846Z,212665,6.646342,4.634146,-1.8292683
1725699585897,2024-09-07T08:59:45.897Z,212716,1.7682927,-4.6951222,-0.73170733
1725699585942,2024-09-07T08:59:45.942Z,212761,2.1341465,0.6707317,0.42682928
1725699585990,2024-09-07T08:59:45.990Z,212809,-1.4634147,0.9756098,0.36585367
1725699586032,2024-09-07T08:59:46.032Z,212851,-3.4756098,0.85365856,0.24390244
1725699586077,2024-09-07T08:59:46.077Z,212896,-4.634146,-0.42682928,0.85365856
1725699586170,2024-09-07T08:59:46.170Z,212989,-4.634146,0.24390244,1.0365853
1725699586188,2024-09-07T08:59:46.188Z,213007,-5.365854,-2.2560976,-2.1341465
1725699586210,2024-09-07T08:59:46.210Z,213029,-5.4268293,5.4268293,0.42682928
1725699586221,2024-09-07T08:59:46.221Z,213040,-5.304878,-1.1585366,-2.5609756
1725699586256,2024-09-07T08:59:46.256Z,213075,-2.5,0.30487806,-5.182927
1725699586304,2024-09-07T08:59:46.304Z,213123,-2.2560976,-0.6707317,-2.804878
1725699586350,2024-09-07T08:59:46.350Z,213169,-4.634146,-1.5243902,-0.36585367
1725699586393,2024-09-07T08:59:46.393Z,213212,-0.6097561,4.8170733,-0.6097561
1725699586444,2024-09-07T08:59:46.444Z,213263,-0.4878049,4.1463413,-2.195122
1725699586483,2024-09-07T08:59:46.483Z,213302,0.0,5.0,2.804878
1725699586529,2024-09-07T08:59:46.529Z,213348,-4.02439,1.402439,4.9390244
1725699586574,2024-09-07T08:59:46.574Z,213393,1.0365853,7.1341467,3.2317073
1725699586618,2024-09-07T08:59:46.618Z,213437,0.18292683,6.52439,1.6463414
1725699586636,2024-09-07T08:59:46.636Z,213455,-0.36585367,4.756098,-0.36585367
1725699586662,2024-09-07T08:59:46.662Z,213481,-1.6463414,2.317073,1.402439
1725699586707,2024-09-07T08:59:46.707Z,213526,1.8902439,7.804878,1.8902439
1725699586754,2024-09-07T08:59:46.754Z,213573,-0.6707317,10.182927,0.5487805
1725699586803,2024-09-07T08:59:46.803Z,213622,-2.987805,6.2195125,-0.24390244
1725699586849,2024-09-07T08:59:46.849Z,213668,-1.402439,11.95122,-0.6707317
1725699586888,2024-09-07T08:59:46.888Z,213707,-7.1341467,8.04878,2.5
1725699586932,2024-09-07T08:59:46.932Z,213751,-9.085366,6.646342,0.9756098
1725699586977,2024-09-07T08:59:46.977Z,213796,-14.512196,5.365854,2.5609756
1725699587022,2024-09-07T08:59:47.022Z,213841,-20.609756,0.0,6.2195125
1725699587069,2024-09-07T08:59:47.069Z,213888,-23.780489,1.8292683,6.3414636
1725699587090,2024-09-07T08:59:47.090Z,213909,-26.707317,-0.79268295,3.5365853
1725699587113,2024-09-07T08:59:47.113Z,213932,-26.036587,1.8292683,6.402439
1725699587162,2024-09-07T08:59:47.162Z,213981,-27.743902,-1.4634147,6.52439
1725699587208,2024-09-07T08:59:47.208Z,214027,-24.939026,4.390244,3.5365853
1725699587298,2024-09-07T08:59:47.298Z,214117,-26.95122,-3.5975611,2.682927
1725699587319,2024-09-07T08:59:47.319Z,214138,-21.707317,-1.097561,-0.6707317
1725699587342,2024-09-07T08:59:47.342Z,214161,-23.109756,-4.268293,0.06097561
1725699587389,2024-09-07T08:59:47.389Z,214208,-22.073172,-2.987805,-0.6707317
1725699587432,2024-09-07T08:59:47.432Z,214251,-21.82927,-0.4878049,-0.91463417
1725699587473,2024-09-07T08:59:47.473Z,214292,-22.5,-0.91463417,0.30487806
1725699587492,2024-09-07T08:59:47.492Z,214311,-22.073172,-2.5,1.2804878
1725699587517,2024-09-07T08:59:47.517Z,214336,-23.231709,-2.2560976,3.1097562
1725699587567,2024-09-07T08:59:47.567Z,214386,-22.439024,-0.5487805,2.5
1725699587612,2024-09-07T08:59:47.612Z,214431,-26.646341,-3.3536587,4.634146
1725699587661,2024-09-07T08:59:47.661Z,214480,-23.780489,-1.8902439,6.0365853
1725699587706,2024-09-07T08:59:47.706Z,214525,-21.707317,-2.012195,4.3292685
1725699587749,2024-09-07T08:59:47.749Z,214568,-18.658537,4.02439,2.8658538
1725699587797,2024-09-07T08:59:47.797Z,214616,-20.182928,0.36585367,0.91463417
1725699587835,2024-09-07T08:59:47.835Z,214654,-20.304878,-4.085366,0.9756098
1725699587888,2024-09-07T08:59:47.888Z,214707,-23.47561,-9.573171,1.7073171
1725699587908,2024-09-07T08:59:47.908Z,214727,-18.109756,-13.536586,-1.3414634
1725699587921,2024-09-07T08:59:47.921Z,214740,-15.0,-16.280489,0.5487805
1725699587967,2024-09-07T08:59:47.967Z,214786,-9.695122,-23.353659,2.195122
1725699588015,2024-09-07T08:59:48.015Z,214834,-2.6219513,-20.792683,1.8292683
1725699588063,2024-09-07T08:59:48.063Z,214882,1.5243902,-22.012196,3.0487804
1725699588103,2024-09-07T08:59:48.103Z,214922,5.0609756,-24.207317,2.682927
1725699588150,2024-09-07T08:59:48.150Z,214969,1.5853659,-30.0,5.0609756
1725699588198,2024-09-07T08:59:48.198Z,215017,3.4146342,-34.57317,3.2317073
1725699588243,2024-09-07T08:59:48.243Z,215062,-0.91463417,-37.134148,2.2560976
1725699588292,2024-09-07T08:59:48.292Z,215111,-4.02439,-32.743904,-0.5487805
1725699588335,2024-09-07T08:59:48.335Z,215154,-4.02439,-27.195122,-8.170732
1725699588357,2024-09-07T08:59:48.357Z,215176,-2.012195,-17.92683,-12.195122
1725699588373,2024-09-07T08:59:48.373Z,215192,0.18292683,-12.682927,-11.646341
1725699588415,2024-09-07T08:59:48.415Z,215234,-1.0365853,-10.792684,-7.378049
1725699588468,2024-09-07T08:59:48.468Z,215287,-1.0365853,-12.621951,-7.4390244
1725699588506,2024-09-07T08:59:48.506Z,215325,-1.402439,-13.902439,-3.1707318
1725699588556,2024-09-07T08:59:48.556Z,215375,-1.4634147,-12.073171,0.30487806
1725699588603,2024-09-07T08:59:48.603Z,215422,2.012195,-8.292683,1.097561
1725699588644,2024-09-07T08:59:48.644Z,215463,1.7073171,-8.719512,2.0731707
1725699588688,2024-09-07T08:59:48.688Z,215507,1.0365853,-2.7439024,1.8902439
1725699588736,2024-09-07T08:59:48.736Z,215555,2.8658538,2.0731707,-0.5487805
1725699588760,2024-09-07T08:59:48.760Z,215579,2.317073,5.121951,-0.24390244
1725699588779,2024-09-07T08:59:48.779Z,215598,4.3292685,8.231708,-0.79268295
1725699588820,2024-09-07T08:59:48.820Z,215639,6.402439,7.7439027,0.06097561
1725699588871,2024-09-07T08:59:48.871Z,215690,9.268292,13.963415,1.097561
1725699588916,2024-09-07T08:59:48.916Z,215735,10.792684,11.219512,-2.7439024
1725699588962,2024-09-07T08:59:48.962Z,215781,15.6707325,15.182927,-2.804878
1725699589002,2024-09-07T08:59:49.002Z,215821,17.37805,11.8902445,-4.3292685
1725699589052,2024-09-07T08:59:49.052Z,215871,18.90244,14.634147,-5.914634
1725699589094,2024-09-07T08:59:49.094Z,215913,20.365854,17.804878,-5.182927
1725699589137,2024-09-07T08:59:49.137Z,215956,19.695122,17.743902,-6.7073174
1725699589157,2024-09-07T08:59:49.157Z,215976,18.780489,19.634148,-4.390244
1725699589187,2024-09-07T08:59:49.187Z,216006,17.134148,15.792684,-4.756098
1725699589227,2024-09-07T08:59:49.227Z,216046,17.5,17.743902,-5.304878
1725699589275,2024-09-07T08:59:49.275Z,216094,18.04878,11.52439,-5.0609756
1725699589320,2024-09-07T08:59:49.320Z,216139,17.256098,9.512196,-3.9634147
1725699589375,2024-09-07T08:59:49.375Z,216194,18.170732,16.768293,-4.02439
1725699589410,2024-09-07T08:59:49.410Z,216229,16.463415,14.634147,-4.2073174
1725699589451,2024-09-07T08:59:49.451Z,216270,13.841464,9.512196,-3.5365853
1725699589501,2024-09-07T08:59:49.501Z,216320,13.841464,13.536586,-3.0487804
1725699589546,2024-09-07T08:59:49.546Z,216365,12.134147,11.646341,-0.4878049
1725699589592,2024-09-07T08:59:49.592Z,216411,14.695123,21.280489,-6.0365853
1725699589612,2024-09-07T08:59:49.612Z,216431,14.878049,27.37805,-10.670732
1725699589627,2024-09-07T08:59:49.627Z,216446,11.768293,20.792683,-3.8414636
1725699589681,2024-09-07T08:59:49.681Z,216500,9.878049,16.341463,-2.1341465
1725699589730,2024-09-07T08:59:49.730Z,216549,10.54878,13.414635,-4.878049
1725699589768,2024-09-07T08:59:49.768Z,216587,11.158537,10.365854,-1.3414634
1725699589818,2024-09-07T08:59:49.818Z,216637,8.902439,6.646342,-0.9756098
1725699589861,2024-09-07T08:59:49.861Z,216680,10.54878,10.792684,-2.378049
1725699589905,2024-09-07T08:59:49.905Z,216724,8.719512,14.207317,-1.7073171
1725699589953,2024-09-07T08:59:49.953Z,216772,8.963415,14.756098,-2.012195
1725699589992,2024-09-07T08:59:49.992Z,216811,10.609756,13.414635,-1.8292683
1725699590011,2024-09-07T08:59:50.011Z,216830,6.768293,12.317074,-1.7682927
1725699590035,2024-09-07T08:59:50.035Z,216854,4.756098,6.7073174,1.2804878
1725699590081,2024-09-07T08:59:50.081Z,216900,5.4268293,9.45122,0.36585367
1725699590128,2024-09-07T08:59:50.128Z,216947,5.5487804,1.7073171,2.1341465
1725699590173,2024-09-07T08:59:50.173Z,216992,8.719512,2.5,-0.36585367
1725699590221,2024-09-07T08:59:50.221Z,217040,10.060976,3.6585367,-3.7804878
1725699590264,2024-09-07T08:59:50.264Z,217083,13.719513,5.609756,-3.292683
1725699590308,2024-09-07T08:59:50.308Z,217127,15.731708,14.085366,-3.9634147
1725699590356,2024-09-07T08:59:50.356Z,217175,13.414635,6.4634147,-1.5853659
1725699590397,2024-09-07T08:59:50.397Z,217216,6.8292685,-1.5243902,-0.30487806
1725699590416,2024-09-07T08:59:50.416Z,217235,6.768293,-6.402439,-3.4146342
1725699590440,2024-09-07T08:59:50.440Z,217259,4.512195,-5.0609756,2.4390244
1725699590486,2024-09-07T08:59:50.486Z,217305,2.4390244,-2.5,2.2560976
1725699590536,2024-09-07T08:59:50.536Z,217355,-0.6097561,-7.012195,-0.9756098
1725699590585,2024-09-07T08:59:50.585Z,217404,0.12195122,0.18292683,1.0365853
1725699590632,2024-09-07T08:59:50.632Z,217451,-3.9634147,-2.682927,2.2560976
1725699590671,2024-09-07T08:59:50.671Z,217490,-2.682927,-3.7804878,2.0731707
1725699590715,2024-09-07T08:59:50.715Z,217534,-3.1097562,-2.682927,2.012195
1725699590761,2024-09-07T08:59:50.761Z,217580,-4.634146,-2.5609756,0.9756098
1725699590812,2024-09-07T08:59:50.812Z,217631,-5.0609756,-5.0,-0.79268295
1725699590857,2024-09-07T08:59:50.857Z,217676,-4.390244,2.012195,-1.2804878
1725699590878,2024-09-07T08:59:50.878Z,217697,-5.914634,-1.0365853,-1.2195122
1725699590893,2024-09-07T08:59:50.893Z,217712,-4.634146,0.9756098,-2.4390244
1725699590939,2024-09-07T08:59:50.939Z,217758,-0.85365856,-0.9756098,-1.5243902
1725699590987,2024-09-07T08:59:50.987Z,217806,-1.097561,-3.5975611,-1.2195122
1725699591026,2024-09-07T08:59:51.026Z,217845,-0.6707317,0.91463417,-1.0365853
1725699591076,2024-09-07T08:59:51.076Z,217895,-1.097561,1.8902439,0.12195122
1725699591121,2024-09-07T08:59:51.121Z,217940,-2.6219513,-6.2195125,-0.30487806
1725699591165,2024-09-07T08:59:51.165Z,217984,0.30487806,-0.24390244,0.30487806
1725699591209,2024-09-07T08:59:51.209Z,218028,0.4878049,-1.8902439,0.85365856
1725699591254,2024-09-07T08:59:51.254Z,218073,2.012195,-0.6097561,0.6707317
1725699591276,2024-09-07T08:59:51.276Z,218095,-0.5487805,-1.2804878,0.06097561
1725699591295,2024-09-07T08:59:51.295Z,218114,3.0487804,5.2439027,-0.18292683
1725699591342,2024-09-07T08:59:51.342Z,218161,5.792683,9.878049,1.8292683
1725699591390,2024-09-07T08:59:51.390Z,218209,6.8292685,12.256098,1.7073171
1725699591434,2024-09-07T08:59:51.434Z,218253,1.2195122,5.304878,3.902439
1725699591480,2024-09-07T08:59:51.480Z,218299,-0.6097561,2.6219513,4.1463413
1725699591526,2024-09-07T08:59:51.526Z,218345,0.36585367,3.4146342,3.2317073
1725699591569,2024-09-07T08:59:51.569Z,218388,-1.8902439,6.9512196,1.8292683
1725699591615,2024-09-07T08:59:51.615Z,218434,-4.085366,4.6951222,3.7804878
1725699591658,2024-09-07T08:59:51.658Z,218477,-7.4390244,8.109756,0.79268295
1725699591677,2024-09-07T08:59:51.677Z,218496,-8.658537,5.487805,1.6463414
1725699591704,2024-09-07T08:59:51.704Z,218523,-14.45122,0.6707317,1.9512196
1725699591746,2024-09-07T08:59:51.746Z,218565,-17.560976,7.0731707,3.9634147
1725699591792,2024-09-07T08:59:51.792Z,218611,-18.780489,3.4756098,3.7195122
1725699591842,2024-09-07T08:59:51.842Z,218661,-20.304878,2.5,-0.30487806
1725699591881,2024-09-07T08:59:51.881Z,218700,-24.146341,3.0487804,-0.79268295
1725699591924,2024-09-07T08:59:51.924Z,218743,-26.707317,0.6097561,1.4634147
1725699591975,2024-09-07T08:59:51.975Z,218794,-28.780489,0.12195122,3.0487804
1725699592019,2024-09-07T08:59:52.019Z,218838,-27.256098,1.6463414,1.9512196
1725699592065,2024-09-07T08:59:52.065Z,218884,-27.439026,5.792683,4.8170733
1725699592112,2024-09-07T08:59:52.112Z,218931,-28.109756,-1.0365853,6.3414636
1725699592134,2024-09-07T08:59:52.134Z,218953,-26.890245,2.5,9.695122
1725699592153,2024-09-07T08:59:52.153Z,218972,-31.768293,-7.7439027,12.134147
1725699592196,2024-09-07T08:59:52.196Z,219015,-32.378048,0.06097561,14.634147
1725699592245,2024-09-07T08:59:52.245Z,219064,-38.65854,-5.0,14.085366
1725699592294,2024-09-07T08:59:52.294Z,219113,-36.768295,-8.04878,10.426829
1725699592332,2024-09-07T08:59:52.332Z,219151,-38.536587,-8.658537,7.256098
1725699592385,2024-09-07T08:59:52.385Z,219204,-39.146343,-7.987805,5.609756
1725699592425,2024-09-07T08:59:52.425Z,219244,-37.560978,-4.1463413,4.02439
1725699592472,2024-09-07T08:59:52.472Z,219291,-35.670734,-3.8414636,5.609756
1725699592516,2024-09-07T08:59:52.516Z,219335,-27.256098,0.0,7.865854
1725699592539,2024-09-07T08:59:52.539Z,219358,-24.634148,-5.7317076,6.0365853
1725699592563,2024-09-07T08:59:52.563Z,219382,-17.743902,-9.756098,2.987805
1725699592602,2024-09-07T08:59:52.602Z,219421,-16.82927,-21.524391,5.0609756
1725699592650,2024-09-07T08:59:52.650Z,219469,-11.646341,-35.914635,1.5243902
1725699592694,2024-09-07T08:59:52.694Z,219513,-8.170732,-44.207317,0.36585367
1725699592742,2024-09-07T08:59:52.742Z,219561,0.6097561,-40.365856,-0.18292683
1725699592785,2024-09-07T08:59:52.785Z,219604,3.8414636,-44.32927,-3.902439
1725699592830,2024-09-07T08:59:52.830Z,219649,5.4268293,-47.743904,-8.780488
1725699592881,2024-09-07T08:59:52.881Z,219700,4.02439,-44.878048,-10.792684
1725699592931,2024-09-07T08:59:52.931Z,219750,2.5609756,-26.768293,-11.219512
1725699592955,2024-09-07T08:59:52.955Z,219774,-3.0487804,-22.92683,-11.219512
1725699592977,2024-09-07T08:59:52.977Z,219796,0.36585367,-23.963415,-11.8902445
1725699593008,2024-09-07T08:59:53.008Z,219827,2.682927,-26.463415,-10.182927
1725699593055,2024-09-07T08:59:53.055Z,219874,6.52439,-22.5,-9.878049
1725699593104,2024-09-07T08:59:53.104Z,219923,3.4756098,-21.768293,-6.52439
1725699593151,2024-09-07T08:59:53.151Z,219970,3.3536587,-10.304878,-6.280488
1725699593189,2024-09-07T08:59:53.189Z,220008,1.7073171,-2.7439024,-5.914634
1725699593240,2024-09-07T08:59:53.240Z,220059,-0.5487805,3.292683,-3.4146342
1725699593280,2024-09-07T08:59:53.280Z,220099,-0.91463417,6.890244,-3.7195122
1725699593314,2024-09-07T08:59:53.314Z,220133,-0.30487806,10.914635,-1.5853659
1725699593360,2024-09-07T08:59:53.360Z,220179,-0.5487805,9.146341,0.79268295
1725699593369,2024-09-07T08:59:53.369Z,220188,-0.30487806,8.902439,1.7682927
1725699593402,2024-09-07T08:59:53.402Z,220221,-0.36585367,7.5609756,3.1097562
1725699593446,2024-09-07T08:59:53.446Z,220265,-1.402439,6.280488,2.5
